id [A],iq [A],Lq [mH]
-11,1,13.34950584
-3,2,13.81523305
-4,3,13.4794591
-17,4,11.79728035
-2,5,13.22308017
-19,6,11.23358632
-16,7,11.36536107
-18,8,10.99435269
-14,9,11.22047345
-5,10,11.61385778
-8,11,11.10540011
-1,12,11.10384276
-12,13,10.46533641
-13,14,10.30900736
-7,15,10.36699395
-10,16,9.97158274
-15,17,9.94422829
-6,18,9.63595243
-9,19,9.56060807
-20,20,9.33557476
