id [A],iq [A],Lq [mH]
-11,1,1.334950584
-3,2,1.381523305
-4,3,1.34794591
-17,4,1.179728035
-2,5,1.322308017
-19,6,1.123358632
-16,7,1.136536107
-18,8,1.099435269
-14,9,1.122047345
-5,10,1.161385778
-8,11,1.110540011
-1,12,1.110384276
-12,13,1.046533641
-13,14,1.030900736
-7,15,1.036699395
-10,16,0.997158274
-15,17,0.994422829
-6,18,0.963595243
-9,19,0.956060807
-20,20,0.933557476
